artifact	bytes	sha256
bin/packages/mips_mips32/base/apk-mbedtls-3.0.5-r4.apk	123316	6a7e565b66773316824c66cb683b33039f001828b024d89964e676b5af6dbcc0
bin/packages/mips_mips32/base/busybox-1.38.0-r3.apk	259580	d8c376d5a0fd89cfad972765ad10a4f3e578867887ea588395b83ef48aabb2a9
bin/packages/mips_mips32/base/ca-bundle-20260816-r1.apk	107475	95b6e7e3bac49fdeb16b8abc0985eae0c7f8055df12ac7cf498f3494c4f1a6cd
bin/packages/mips_mips32/base/dnsmasq-2.93-r3.apk	165318	dd2dbad4981b39d86ef9ae1182aa76b2ae53467ce24c70e8918af38327784482
bin/packages/mips_mips32/base/ethtool-7.1-r1.apk	40534	121f82eb1a3e1da2adb260d7cf15e33cce93e9301a94f81fe9ee3e9e313c419a
bin/packages/mips_mips32/base/firewall4-2025.03.17~b6e51575-r2.apk	31061	9e792aefc7ad1f8d683269a2ae98f3534710c278c990e3de8db836288864ed79
bin/packages/mips_mips32/base/getrandom-2025.10.30~6f78fa49-r1.apk	2158	b9561a2d5dbcc41ccbd258e0d75bedfcfaf4836243d0b8e4277c81678bf98759
bin/packages/mips_mips32/base/hostapd-common-2026.08.07~831364bf-r3.apk	1862	fb4be0700714ddc630a291e143fb63df9d8c6b321333359a88cfc69a04f21e06
bin/packages/mips_mips32/base/jansson4-2.15.0-r1.apk	51462	5495b679eb0ce7e8ad5d6fea3000f001d224e354d355408b32094420f031b18f
bin/packages/mips_mips32/base/jshn-2026.07.21~e7608b69-r1.apk	7249	89f22c6a99162a64ec4a37a73e25fd1d2aaed404d4f419a7e75ea2786dcb70e4
bin/packages/mips_mips32/base/jsonfilter-2026.03.16~b9034210-r1.apk	10532	99dc263f9cbfa8d0805f54ff2a4433209ffee7eb9d8149416deee04597dc3d8c
bin/packages/mips_mips32/base/libblobmsg-json20260721-2026.07.21~e7608b69-r1.apk	4559	4025f9dd81400604f93a759da4e767da1abdc4ec95896039e4c760397b2f3fc6
bin/packages/mips_mips32/base/libjson-c5-0.18-r1.apk	29004	ab68e296a97fc18d527f17711e539f56202e069ae2ff309b8831093e10f9f1fb
bin/packages/mips_mips32/base/libjson-script20260721-2026.07.21~e7608b69-r1.apk	5967	a8f34a825e825724cdde23aa33b1e45f021f986ee2af25b39f262c3d800c478f
bin/packages/mips_mips32/base/libmbedtls21-3.6.7-r1.apk	309420	7cf56d166ea84a7e852a9f412c39f7e001a1601bd54396eec7714fbabc895bab
bin/packages/mips_mips32/base/libmnl0-1.0.5-r2.apk	6895	7369884c7eb881dc37485276b3abf8e84e9ade4e7e21f490d905a4ebfd308e81
bin/packages/mips_mips32/base/libnftnl11-1.3.1-r1.apk	54923	a09a2ee943ee099071b9cde51837119744c9630cc300aa4243186c650a7c9eec
bin/packages/mips_mips32/base/libnl-tiny1-2025.12.02~40493a65-r1.apk	15039	4cac8f8bfcd8994a7d3d3705ef23d58b1bf425d634ce16fcd2771646b7cd2625
bin/packages/mips_mips32/base/libopenssl-conf-3.5.9-r1.apk	6703	2846ca1111a898a5ee7c644650a265c132ab2ab3360b2aca63458cae62c519b3
bin/packages/mips_mips32/base/libopenssl-legacy-3.5.9-r1.apk	32534	1758b885ebcc387c49cb35634a12ecff8cbde75946031360a42a4ccaa3f77ad5
bin/packages/mips_mips32/base/libopenssl3-3.5.9-r1.apk	1790835	d0b79676743624a5c5fa12542ba58ebc1b0364b4b34309d95bf833fb3d03deb9
bin/packages/mips_mips32/base/libubox20260721-2026.07.21~e7608b69-r1.apk	31855	9762de5e11880217c6619fd9401b81551477eec5e09dab8ade8cdc22cf1d39c0
bin/packages/mips_mips32/base/libubus20260925-2026.09.25~414c60a2-r1.apk	12302	e19d285bce4907c01f4c674b15fb2c0fe3ac1e12423c9a51a23ea03debf61072
bin/packages/mips_mips32/base/libuci20250120-2025.12.02~66127cd7-r1.apk	19366	bd54c48d34905a00652c80fc6dcd6dc83699835f21b21725e350fdf4c4a09801
bin/packages/mips_mips32/base/libuclient20201210-2026.06.07~daad21fa-r1.apk	11671	cec9816056c66636afee9ef0cb2b0b4496b81a23206b4bd8309d0c82147a614a
bin/packages/mips_mips32/base/libucode20230711-2026.07.09~b885dd0f-r1.apk	88783	9a3fe385d1b5667330771470f93bbe1286c802470b127050f4f781b975dcff88
bin/packages/mips_mips32/base/libudebug-2026.09.25~6726e98a.apk	4615	98301bc28423d0c706a1b27744d2e9e73382f189a6758914226cba03c04faa06
bin/packages/mips_mips32/base/libustream-mbedtls20201210-2026.03.01~99f1c0db-r1.apk	6083	31a42d734b25dbdcaeae08812b764f27605735473dce72f1d0a218e975a6c791
bin/packages/mips_mips32/base/logd-2025.10.30~6f78fa49-r1.apk	12138	68d8804bd036da24d18264f7936b121786716e7af0cefad20af9b583fc44137e
bin/packages/mips_mips32/base/netifd-2026.09.11~06d06c86-r1.apk	113991	dd4627feae1d2a5fd492570859d5597cc600160622acb85582b0f8ad6bd76e19
bin/packages/mips_mips32/base/nftables-json-1.1.6-r4.apk	341195	699c8cc7c4c2a0475de4baa1d7337ea4e661c92a20c406b349ccc65a6e05506c
bin/packages/mips_mips32/base/odhcp6c-2026.06.27~10a52220-r3.apk	39752	4888c4f51d32a04bbb35f199ba354d144e7e7ca968855bd3baa47f76c9c037be
bin/packages/mips_mips32/base/odhcpd-ipv6only-2026.06.28~68f38269-r2.apk	58552	7ddda2ff3a8475d5190e14cf8c45e8b41fb6f7e165dfebb3be6b1f4231e87105
bin/packages/mips_mips32/base/openwrt-keyring-2025.12.10~f0670054-r1.apk	1100	47283796528bffe351ccce640ae28d501fbc62b77df7fd594eb141f84d519fe9
bin/packages/mips_mips32/base/ppp-2.5.3-r2.apk	144441	efb51a67db38ba276abdc3aadb55464ced1a0a17d19ca88b5e3b860e747205af
bin/packages/mips_mips32/base/ppp-mod-pppoe-2.5.3-r2.apk	12789	00596f446bbded86155013ff450a471d684be9a8cf30dda43f6fab14b2a5bff6
bin/packages/mips_mips32/base/procd-2026.09.27~675942be-r1.apk	64063	227ee559800c043ced0e9dcf21f499c55e0dd4249bb84a16061e3a5a9042db83
bin/packages/mips_mips32/base/procd-seccomp-2026.09.27~675942be-r1.apk	2115	e8f6fec34ce74b3ab28fca3b0b5a322675857287885c18cb96568c7c81898c72
bin/packages/mips_mips32/base/ubox-2025.10.30~6f78fa49-r1.apk	18559	6ea577a2fc4f53ba75fb8db2cbc73798e641dc842a485e4b380062e43a602732
bin/packages/mips_mips32/base/ubus-2026.09.25~414c60a2-r1.apk	6685	9d87ccc9b2dd824f63dfb2dc94c0bf52d38ea3ef531bb9904e39d2dd42824132
bin/packages/mips_mips32/base/ubusd-2026.09.25~414c60a2-r1.apk	14837	dc325cc34b21c267d0c76329f41b926d0c097f7a1b60dac180160fd88c12436f
bin/packages/mips_mips32/base/uci-2025.12.02~66127cd7-r1.apk	7485	c785113787efba39edd7ea676805e99624c4f87d140da4568cdf7f871d5a027d
bin/packages/mips_mips32/base/uclient-fetch-2026.06.07~daad21fa-r1.apk	9224	62261aa6ecbaabf3f9eeec10ab80aeca1e76555ca7d574fa338a9ae1aab0e692
bin/packages/mips_mips32/base/ucode-2026.07.09~b885dd0f-r1.apk	7117	18392b1ae85991628bf1bb94353926d8ffb8d8a1a4367cbeff9124c402ea2aa8
bin/packages/mips_mips32/base/ucode-mod-digest-2026.07.09~b885dd0f-r1.apk	17840	ab0129a571dbcda6b5db259791c45e354c6911fd8bf65e3c3af2c6fa297d833d
bin/packages/mips_mips32/base/ucode-mod-fs-2026.07.09~b885dd0f-r1.apk	12321	a5db05b0c73ce395761f72af49584058ad7bab376e6762bf35d9a1c73f96106e
bin/packages/mips_mips32/base/ucode-mod-nl80211-2026.07.09~b885dd0f-r1.apk	23943	8618afd372a4c5016dcaa6e2685032ebfb60889b1bee27ae6f613956e194e73d
bin/packages/mips_mips32/base/ucode-mod-rtnl-2026.07.09~b885dd0f-r1.apk	27889	fecc29b41fdfff954b67a3f2e1d1c0c379806746c27eba51460e9335580df4ac
bin/packages/mips_mips32/base/ucode-mod-ubus-2026.07.09~b885dd0f-r1.apk	18158	b596720bd648604a9e7ac0d8c1159631453cf921ab1abd958e0dd140d1d9644e
bin/packages/mips_mips32/base/ucode-mod-uci-2026.07.09~b885dd0f-r1.apk	8517	09564d3c9dd06b338c536a659256a654705a71c2c9ed5d6998186519d5b17da3
bin/packages/mips_mips32/base/ucode-mod-uloop-2026.07.09~b885dd0f-r1.apk	9627	ef4ad0ae0bc620a1e23405a35f35afdaaa69ac1a8b8943a25ec1a3c58a48398e
bin/packages/mips_mips32/base/urandom-seed-3.apk	1532	7794377ded8b12587376908f28c4e82659368af49ff289b520852d0ddef5c51d
bin/packages/mips_mips32/base/urngd-2025.10.03~f17e33d9-r1.apk	10142	90712d7c99fa73670667d869ceede150bb88a9c1cb7257bff449de3c79c24f3c
bin/packages/mips_mips32/base/usign-2025.10.03~c4c72b1b-r1.apk	10651	442a7ae77909bc0aca70655e00252b1194242fbed3974d975293087236772414
bin/packages/mips_mips32/base/wpad-basic-openssl-2026.08.07~831364bf-r3.apk	564122	221e5dfe32b0a5607596d4ccb9b18bf67effcfa0f7847cbcb1b9a1b4a62d598c
bin/packages/mips_mips32/base/zlib-1.3.2-r1.apk	42718	7d2cb777f0c37b6924a1a0808b2de0bee3842adc97ba5d0ea156388247476a25
bin/targets/bmips/bcm63268/packages/base-files-1~5edcc1c.apk	61155	8c7d510b9c05f454e54d8c556e9a8b58fa32903b2a283adb3f022ff49e0ad1b0
bin/targets/bmips/bcm63268/packages/bcm63xx-cfe-2025.04.02~b8128fa4-r1.apk	701	a7a7c2025add4f535700d8d1115cb888c5d0b3e82799c010516df9a04c9c61b9
bin/targets/bmips/bcm63268/packages/dropbear-2026.94-r2.apk	138284	fe338853a3517cb1f896020cfa8d769ce99004c35bd54abf062a7ad5818ad834
bin/targets/bmips/bcm63268/packages/fstools-2026.07.25~2aa16407-r1.apk	20610	5f3409fcf9418165f4feb4a9838ee435d8d31e998e827051ee7969f81bc641e2
bin/targets/bmips/bcm63268/packages/fwtool-2025.10.03~04cd252e-r1.apk	4377	7822bd2d45acfcde83110cec689ef7e7322ede7a33684b02c806113f581a7d4f
bin/targets/bmips/bcm63268/packages/kernel-6.18.54~2afc09c87a0cf0ffcb36b0e0b01d15db-r1.apk	2881	f103d2ba68bbfb62f39ce1c0a18ca53e25d81707c7bb2a8dc8fb565bf91fdf85
bin/targets/bmips/bcm63268/packages/kmod-atm-6.18.54-r1.apk	30766	0230974d50765919f8dba18dbf9dd8c5c63e21239f1a607fd425333096d60b2c
bin/targets/bmips/bcm63268/packages/kmod-gpio-button-hotplug-6.18.54-r7.apk	6867	56818521c4565b0bca2bf485063152c029c09ec235652b123854a5bd195293a1
bin/targets/bmips/bcm63268/packages/kmod-leds-bcm6328-6.18.54-r1.apk	3899	1d6e8b540d99f25c05627b97ca6637f0e767cecddb7b635a356406136a137b1c
bin/targets/bmips/bcm63268/packages/kmod-leds-gpio-6.18.54-r1.apk	3774	ea4669acef9fd7ac354b9e4b226033ed71516b19833032e9076ea8e6b2d60f55
bin/targets/bmips/bcm63268/packages/kmod-lib-crc-ccitt-6.18.54-r1.apk	2070	ade5a9cff61b17a727838cd767bfedc8d95e6992315ff7caa11b9cbefe794671
bin/targets/bmips/bcm63268/packages/kmod-nf-conntrack-6.18.54-r1.apk	52121	2df2c8cafc69a42d6c7b5a232df3c70dbc2b17d4a4e8ecb78cfd1ec48c30456d
bin/targets/bmips/bcm63268/packages/kmod-nf-flow-6.18.54-r1.apk	21539	4789f6263fb55cac5d70ba9f752726287d705425870348b37e75ff3e3a360f48
bin/targets/bmips/bcm63268/packages/kmod-nf-log-6.18.54-r1.apk	9409	8ef13a16437f327d6affbc9c4e4725646ee95c826a23e5e844f111e6073aa27f
bin/targets/bmips/bcm63268/packages/kmod-nf-log6-6.18.54-r1.apk	775	e1ead8a40a4fa36e057b40f3be0b8890eeb5e829c0c2261f5e32d0473710e8ef
bin/targets/bmips/bcm63268/packages/kmod-nf-nat-6.18.54-r1.apk	16154	a1467e0feafbcf117e105791e60bab1fadeca6cb63efc95757a84459d77e9577
bin/targets/bmips/bcm63268/packages/kmod-nf-reject-6.18.54-r1.apk	4080	03846f665c5106e6f6b50a7996f0271c5a4c1469408db3d7e01426704da5f2ea
bin/targets/bmips/bcm63268/packages/kmod-nf-reject6-6.18.54-r1.apk	4393	f7072a2048f3d4f3f31be71b2faf592e2ed2ba7f45d3a2c6acc083763693ce19
bin/targets/bmips/bcm63268/packages/kmod-nfnetlink-6.18.54-r1.apk	5746	c7ef4cc7c2ed987522c676be71eb1ed3afc3a79d49467d6aa225bce0710e3714
bin/targets/bmips/bcm63268/packages/kmod-nft-core-6.18.54-r1.apk	141303	cea56cb541490ff2abb2447d9375f0c42ef2f4e92ce906e993d1bd69a7c95438
bin/targets/bmips/bcm63268/packages/kmod-nft-fib-6.18.54-r1.apk	6803	7b5e144055c61526ebad7af5912ae95ed5b19233e1918ff91b63fe43dcc54a6f
bin/targets/bmips/bcm63268/packages/kmod-nft-nat-6.18.54-r1.apk	5307	6ae9d5b3743fa80a80acb28873a277df8b50853876faed8c75335b1339722da9
bin/targets/bmips/bcm63268/packages/kmod-nft-offload-6.18.54-r1.apk	3761	6977b59b6c2f5b60d621434915aa83e4624187586927f564619645bf442fa6a5
bin/targets/bmips/bcm63268/packages/kmod-nls-base-6.18.54-r1.apk	3996	b74a35e3e712ca3fa8ac866bdbe55311a56f227bde6c6d845d9759baa5133e56
bin/targets/bmips/bcm63268/packages/kmod-ppp-6.18.54-r1.apk	25805	f714080a6d976a5b691ec3d3672655062e6d089360ba2dfb64ca20e2685afbb7
bin/targets/bmips/bcm63268/packages/kmod-pppoe-6.18.54-r1.apk	8805	89b9932a7b4fbf9d8e12f20cc523df05c9af5100474d3435e1de286fee247899
bin/targets/bmips/bcm63268/packages/kmod-pppox-6.18.54-r1.apk	2475	911c0839651948cf7843d7619535a131fa2922c40f076910bfc78d38625273de
bin/targets/bmips/bcm63268/packages/kmod-sbg3300-xtm-6.18.54-r1.apk	9638	11dae7f9a8cad685cc05a8961312daaf4a9fbc4e0795ed04f51782306fb3239d
bin/targets/bmips/bcm63268/packages/kmod-slhc-6.18.54-r1.apk	4697	43eae557303519f70d967a4cee8d17424e1bb98b0c545f5b7cb3de02cf7bcf41
bin/targets/bmips/bcm63268/packages/kmod-usb-common-6.18.54-r1.apk	4355	bd1a0c8084427d57b419172a9340148aedb84b1b5316a4952e32dc22691bfaf6
bin/targets/bmips/bcm63268/packages/kmod-usb-core-6.18.54-r1.apk	115839	370b9eed6bffce9c03ec0774a60c8b1088ccf72019af802447031b0362fe7f4a
bin/targets/bmips/bcm63268/packages/kmod-usb-ehci-6.18.54-r1.apk	33590	35df9cf153c46e123715f3c7f17982f1b2546733da4f020a9f51141b512ef2f0
bin/targets/bmips/bcm63268/packages/kmod-usb-ohci-6.18.54-r1.apk	27311	f87dad791dc194034d6f55fef9f00ddc214ed5ce05679b1f178ad42c16ea1731
bin/targets/bmips/bcm63268/packages/kmod-usb2-6.18.54-r1.apk	9473	a891ea696d21eccefac36a62b185e8b15e6ebf0c23c679446a6d2888f90284f0
bin/targets/bmips/bcm63268/packages/libatomic1-14.4.0-r5.apk	6249	3902daca3f6ef43b05d55e0f60bc62397988fbdce25e55652dfa1f75367f01a2
bin/targets/bmips/bcm63268/packages/libc-1.2.6-r5.apk	373730	ab2ea01d95dd38c1b088d8713b768af93e1003b21fe3ffef76b81b63cf09e3c9
bin/targets/bmips/bcm63268/packages/libgcc1-14.4.0-r5.apk	42584	e254ea0d9beec1ff05842b461e3df176b90c8dc2ea9cbaf405bf6f1d09b2bdd0
bin/targets/bmips/bcm63268/packages/mtd-29.apk	12174	4abf3831707c930c04f13278738d840357e51befb74346dec638cd5cc597a2da
bin/targets/bmips/bcm63268/packages/procd-ujail-2026.09.27~675942be-r1.apk	89887	0c36f9d246a3da5b675760c82bf290120d8dba1879e81342f78a0315d3df1283
bin/targets/bmips/bcm63268/packages/ubi-utils-2.3.1-r1.apk	82731	7f7100e63620bc028d6912346b858f33628e1ca1c376eba15b2c525752f56c2a
