artifact	bytes	sha256	vermagic	depends	import_count	missing_imports	runtime
vmlinux	58793952	ddfcb7681c002a505eb5ebcd553c61c5c666b9b4d8b36a02f6a4c64be745b8fc			0	0	NOT-TESTED
cmac.ko	46572	8e272e5d2d1193eb0e711741907fc133e12da695e05c4fec1b7f33f867a25156	6.18.54 SMP mod_unload BMIPS 32BIT		17	0	NOT-TESTED
sha256.ko	56972	f1f384ed1484b320d641cbdb567cfcca32534f534264b6488e3dbce0db8d3201	6.18.54 SMP mod_unload BMIPS 32BIT		18	0	NOT-TESTED
bcma.ko	316020	213112dcbb73010ca8fb638a66e04867ae55d6c3b0d33a3abb28c67c8da37362	6.18.54 SMP mod_unload BMIPS 32BIT		73	0	NOT-TESTED
hid-generic.ko	37016	5327679f83abb447d12895c706f9fb8e83d4f947fda3f79204e73c8c5bcb8c0a	6.18.54 SMP mod_unload BMIPS 32BIT	hid	7	0	NOT-TESTED
hid.ko	503784	584f03b88005d625d84365e45bdf1d997eb19b4160f947a03bc3616d7fbf2989	6.18.54 SMP mod_unload BMIPS 32BIT	input-core	99	0	NOT-TESTED
usbhid.ko	137832	0d8a1903af604d0845393734f48a2789625bbbca7faedf9a9be34378d33cca5f	6.18.54 SMP mod_unload BMIPS 32BIT	hid,usbcore	84	0	NOT-TESTED
evdev.ko	106348	e92571fd19f25cbd6a5aea021e428da00589f5709ce8be3029b0efab11909fd9	6.18.54 SMP mod_unload BMIPS 32BIT	input-core	70	0	NOT-TESTED
input-core.ko	306736	7c69027a316b48b0a2d1e872dce5d1b5dd386f53c9acf29aec63075c924a20aa	6.18.54 SMP mod_unload BMIPS 32BIT		85	0	NOT-TESTED
input-leds.ko	36780	f71b1223d9902ff1fad6a27279372a49f613022316af6c2017a82e5c2e836ec2	6.18.54 SMP mod_unload BMIPS 32BIT	input-core	13	0	NOT-TESTED
atkbd.ko	103840	4f2df34aa69a60d86e6f314360035674164140d423e12b8f446552b47ff1caf3	6.18.54 SMP mod_unload BMIPS 32BIT	serio,vivaldi-fmap,input-core,libps2	43	0	NOT-TESTED
gpio_keys.ko	75148	0e6e69461675c6219c14faa298e0fd1e3032088b3c2b80e3f0cc5c04d015e34d	6.18.54 SMP mod_unload BMIPS 32BIT	input-core	59	0	NOT-TESTED
psmouse.ko	419984	e533ca056e130be312a7cd4825a032b1a52313c01e73b3094d3b79eec010623f	6.18.54 SMP mod_unload BMIPS 32BIT	input-core,libps2,serio	77	0	NOT-TESTED
libps2.ko	53276	814058498c2c6dc99b6555e8d85d5ed4849b9e22ecb2de2d0598450e225f733a	6.18.54 SMP mod_unload BMIPS 32BIT		16	0	NOT-TESTED
serio.ko	91068	36b3e59723f31ce899ce354c0ace394387c7651f9bbe3abba4d9c5e3c2eef1f6	6.18.54 SMP mod_unload BMIPS 32BIT		38	0	NOT-TESTED
serport.ko	45360	9928ceb33af776e4e28606cc5417d26c00b175bcae7c72b0cf125b5aedc50a1a	6.18.54 SMP mod_unload BMIPS 32BIT	serio	20	0	NOT-TESTED
vivaldi-fmap.ko	25592	2998fa90be90a6eb0cf38a02974852e23405a89127cafa1b3aa30cf2f47d0269	6.18.54 SMP mod_unload BMIPS 32BIT		1	0	NOT-TESTED
leds-bcm6328.ko	46132	be70b1f879cf6d4ce052a31fa5fca629ae919021f602850929ccbc692dbe04c6	6.18.54 SMP mod_unload BMIPS 32BIT		15	0	NOT-TESTED
leds-gpio.ko	42404	151eba4f452856e6efb6507a84ae43cb5a542cb08d079eae4dc09dff17fd97d3	6.18.54 SMP mod_unload BMIPS 32BIT		28	0	NOT-TESTED
b53_spi.ko	51184	16799ee9753bf7db9413cf2a502d9580ddb1bbf4c57a5cef0cffe4d21ddb4c3f	6.18.54 SMP mod_unload BMIPS 32BIT		15	0	NOT-TESTED
bcm6368-enetsw.ko	114080	f08c8b80969d829969cc7ce031bfeb4a9aded1941bb9fc15f0b95538b0e26785	6.18.54 SMP mod_unload BMIPS 32BIT		85	0	NOT-TESTED
ppp_async.ko	79800	2e6ef844cc08096efed8750fe8012648fc28bc194a9c1ae71cc9e5937320770a	6.18.54 SMP mod_unload BMIPS 32BIT	crc-ccitt,ppp_generic	42	0	NOT-TESTED
ppp_generic.ko	248876	dca2ac67f3157e31b792c2900808e57d861bc85c56feda5e4b1562df7c61e936	6.18.54 SMP mod_unload BMIPS 32BIT	slhc	114	0	NOT-TESTED
pppoe.ko	131344	88aee4869030eb673a0a69987a202bb39f70f8d251fd37ab9ab298a86f3d3512	6.18.54 SMP mod_unload BMIPS 32BIT	pppox,ppp_generic	69	0	NOT-TESTED
pppox.ko	35540	c0a528894f64597f143a72f3c1e8648a33d64253331173475822586f79fc75fc	6.18.54 SMP mod_unload BMIPS 32BIT	ppp_generic	12	0	NOT-TESTED
slhc.ko	58600	ed3af2248d0b79342b17abb8958e172e3eb3fbabad4eb8ae1791348847c57961	6.18.54 SMP mod_unload BMIPS 32BIT		10	0	NOT-TESTED
b43.ko	1431956	61a7d48d2a9b95e7a435e2d5636b9a8b42823121dae03a84c6893dde85d0a123	6.18.54 SMP mod_unload BMIPS 32BIT	cfg80211,mac80211,ssb,bcma,cordic	137	0	NOT-TESTED
brcmfmac-bca.ko	44112	7ea8a833db7e77cd27c14a3801f87c959a663d4a141f2ce2fc53328ae7b9296b	6.18.54 SMP mod_unload BMIPS 32BIT	brcmfmac	4	0	NOT-TESTED
brcmfmac.ko	1370528	16331e3f2060a61b78de5a616045a076201390e3ebcf74431348e9624cbf39f6	6.18.54 SMP mod_unload BMIPS 32BIT	cfg80211,brcmutil	199	0	NOT-TESTED
brcmfmac-cyw.ko	77572	2b2eb8be2d947f82b52dae7b12fe780672664ae0c12e37fa374af941e3adaf5e	6.18.54 SMP mod_unload BMIPS 32BIT	cfg80211,brcmfmac	27	0	NOT-TESTED
brcmfmac-wcc.ko	43376	ed978bc2d9775ccf0a016a8e887f776985c095d932cb56450d20df4f5ba7153e	6.18.54 SMP mod_unload BMIPS 32BIT	brcmfmac	5	0	NOT-TESTED
brcmutil.ko	66128	ba14be1b8e7f39825c1e944b28e5aa0c80461f464e5e2c2e37e82c2070b5f038	6.18.54 SMP mod_unload BMIPS 32BIT		11	0	NOT-TESTED
ssb.ko	325388	35b3ff7e3f2b91154a2122491469cea0efe75733b395f47f0d0ca8215fadd7ef	6.18.54 SMP mod_unload BMIPS 32BIT		65	0	NOT-TESTED
usb-common.ko	51300	3730e8db76fdab7c66e132f22a5c63fe36267bba077db3975e0c32496c2415b9	6.18.54 SMP mod_unload BMIPS 32BIT		14	0	NOT-TESTED
usbcore.ko	1247364	a5b9f80900a70ab55bc5d31c7cdb5a2baa0aed4d0fc4acbd3c51703154a2600c	6.18.54 SMP mod_unload BMIPS 32BIT	usb-common,nls_base	267	0	NOT-TESTED
ehci-fsl.ko	54540	a00f3c6b6597a6abea7cb408d4763c15993b849b02a84cdb70600fdd012ea5d6	6.18.54 SMP mod_unload BMIPS 32BIT	usbcore,ehci-hcd	19	0	NOT-TESTED
ehci-hcd.ko	326844	69c4f4e16060f8219ac95882db6c54b4a68c756e393c47a334f0cb0f6a9878d5	6.18.54 SMP mod_unload BMIPS 32BIT	usbcore	64	0	NOT-TESTED
ehci-platform.ko	52812	7066a7f15f99899d777a864e493de783685eb28df42fd8c23ebdb56afaf902fb	6.18.54 SMP mod_unload BMIPS 32BIT	usbcore,ehci-hcd,usb-common	41	0	NOT-TESTED
fsl-mph-dr-of.ko	47100	853d01fea0795e04ab37391a77bc7ff1328f74395c94b6e237e34a8791fdeec6	6.18.54 SMP mod_unload BMIPS 32BIT		23	0	NOT-TESTED
ohci-hcd.ko	242836	44b4dc8bb9c751ebac65ad9c1dbdc5945f6e204cb7912057f6a8bf73a42f5ea1	6.18.54 SMP mod_unload BMIPS 32BIT	usbcore,usb-common	57	0	NOT-TESTED
ohci-platform.ko	42748	b74d44daba3b54735fbfcbe223a386ebac8c465e3902167c9be11b7d490a786f	6.18.54 SMP mod_unload BMIPS 32BIT	usbcore,ohci-hcd,usb-common	30	0	NOT-TESTED
nls_base.ko	41900	ed3f13bc48f139226face0a11449930158bbc3ad63e08a44d112d44d5584b1e7	6.18.54 SMP mod_unload BMIPS 32BIT		5	0	NOT-TESTED
crc-ccitt.ko	25612	66b8ca9f75b26eec82153352637184552f2183322e32e20db0ab13272524b4a6	6.18.54 SMP mod_unload BMIPS 32BIT		0	0	NOT-TESTED
cordic.ko	25212	5775c3e7641fd6d3a920ba2fe6067f05e9d606ee84f3204ee4e00a316a98d725	6.18.54 SMP mod_unload BMIPS 32BIT		0	0	NOT-TESTED
atm.ko	449128	b98d7be60cf5a6dfa99fa12837129b19a4441cf5f604e5c95bf07f97687b21cb	6.18.54 SMP mod_unload BMIPS 32BIT		96	0	NOT-TESTED
br2684.ko	94296	6862459f739ce2f5bc7c5a53e093a754ae222303b2b797358f4101d4c4d1db42	6.18.54 SMP mod_unload BMIPS 32BIT	atm	51	0	NOT-TESTED
nf_defrag_ipv4.ko	39204	ecb78bb9dad6436e844e966a2c33a156513303f64533f433c8d071e452074cb7	6.18.54 SMP mod_unload BMIPS 32BIT		9	0	NOT-TESTED
nf_reject_ipv4.ko	65772	a393385de7ff4a7fd49347d7740d5764b930582795ac161332c335884ecb6650	6.18.54 SMP mod_unload BMIPS 32BIT		19	0	NOT-TESTED
nft_fib_ipv4.ko	59820	b7dc986303c1be2387f30525e511c0ec553906012c08c62d507a8d3d78db2a3a	6.18.54 SMP mod_unload BMIPS 32BIT	nf_tables,nft_fib	15	0	NOT-TESTED
nft_reject_ipv4.ko	46976	43c6992cb4ba91d372f5f272558bbdeec7d60f31c13b93705bef867ac074c2ba	6.18.54 SMP mod_unload BMIPS 32BIT	nf_tables,nf_reject_ipv4,nft_reject	8	0	NOT-TESTED
nf_defrag_ipv6.ko	110332	6ead1d13d3bb70f997b40b1ff32429e3a61da8827b7cded40da06d33e4abed90	6.18.54 SMP mod_unload BMIPS 32BIT		50	0	NOT-TESTED
nf_reject_ipv6.ko	65488	5382e714cbdf70f8a3bd1a6bd03b0396cfbfdb3cebd93500f3deac71ba47fd25	6.18.54 SMP mod_unload BMIPS 32BIT		22	0	NOT-TESTED
nft_fib_ipv6.ko	49164	83449c31775a8260aff3089651c032f24b7b99c67114184190492b6cc8a17721	6.18.54 SMP mod_unload BMIPS 32BIT	nf_tables,nft_fib	18	0	NOT-TESTED
nft_reject_ipv6.ko	46548	9be6407df372ef040321bd969a29b64156b4c203a01019763db22099f2485e25	6.18.54 SMP mod_unload BMIPS 32BIT	nf_tables,nf_reject_ipv6,nft_reject	8	0	NOT-TESTED
mac80211.ko	4344944	a9507542f230f6550a071562d1300f2cded2ac9ac891db64f234147b431e01b2	6.18.54 SMP mod_unload BMIPS 32BIT	cfg80211	310	0	NOT-TESTED
nf_conntrack.ko	735260	9033b90ec4ff8528a7f09c400729fa7b6f9c281dd2b33f4efb829347e840fe8d	6.18.54 SMP mod_unload BMIPS 32BIT	nf_defrag_ipv4,nf_defrag_ipv6	129	0	NOT-TESTED
nf_flow_table.ko	343776	c61fe54566369b4daa77d8f4069b37fd56e3663ac958ff904c07a7ecbcab8809	6.18.54 SMP mod_unload BMIPS 32BIT	nf_tables,nf_conntrack	85	0	NOT-TESTED
nf_flow_table_inet.ko	37064	f5d991a5a3b1b3a317870e3796e7c570b57c6937909545e9918456464a8cf877	6.18.54 SMP mod_unload BMIPS 32BIT	nf_tables,nf_flow_table	10	0	NOT-TESTED
nf_log_syslog.ko	76524	d7e4feaed383770e14a48be330c7eca6a9402ce630bc7823dd71abd6d0a88cca	6.18.54 SMP mod_unload BMIPS 32BIT		20	0	NOT-TESTED
nf_nat.ko	249040	496829d905a8d9950d039779dd423fce5bfe9e23fd59a6a603f874c9904e7dba	6.18.54 SMP mod_unload BMIPS 32BIT	nf_conntrack	79	0	NOT-TESTED
nf_tables.ko	2064228	b40ad32d9dad76746ab8f32b8ab9693a198af87edcd879c2e24dfd14d95f5de4	6.18.54 SMP mod_unload BMIPS 32BIT	nfnetlink	162	0	NOT-TESTED
nfnetlink.ko	79280	378909ba828f6902842110fc6d6fcaa65e5f0d4123e1d0a55254b8b9996f558f	6.18.54 SMP mod_unload BMIPS 32BIT		33	0	NOT-TESTED
nft_chain_nat.ko	38676	98b9a548bbe3ceb61ad7043e7a43011e1cb37f05ed9c95159d4696a8b545fe92	6.18.54 SMP mod_unload BMIPS 32BIT	nf_tables,nf_nat	10	0	NOT-TESTED
nft_ct.ko	110320	bf0d8a4d3477f4e659d9199a6cb551b68cc30c98f14612df4fb5e1ed0bd2ad6f	6.18.54 SMP mod_unload BMIPS 32BIT	nf_tables,nf_conntrack	48	0	NOT-TESTED
nft_fib.ko	54440	20836773c3e16ea554ea3ecb9778bc7e57a3dd7c8af46c9a0e44e07a9e024bab	6.18.54 SMP mod_unload BMIPS 32BIT	nf_tables	9	0	NOT-TESTED
nft_fib_inet.ko	46072	82984b0d3def2ae7dae631eeca2dd80270a3309844c23274120401d06efabf02	6.18.54 SMP mod_unload BMIPS 32BIT	nf_tables,nft_fib_ipv6,nft_fib_ipv4,nft_fib	10	0	NOT-TESTED
nft_flow_offload.ko	46888	ef13a3da4503661c940ec3e0c2868dbe6faca421ed42c68063d86a5617f5f88c	6.18.54 SMP mod_unload BMIPS 32BIT	nf_tables,nf_conntrack,nf_flow_table	20	0	NOT-TESTED
nft_hash.ko	56748	81da6ccdb19baa75b873bfb5bc2c9712618f6a6763367f435534bb60484d6d0e	6.18.54 SMP mod_unload BMIPS 32BIT	nf_tables	9	0	NOT-TESTED
nft_limit.ko	70568	3d487937c18cf941ab03b9c19105feefbf500a25e16be379322d9762d27fe17e	6.18.54 SMP mod_unload BMIPS 32BIT	nf_tables	14	0	NOT-TESTED
nft_log.ko	58260	0424dc1183d35ed53796d0039da6ffccf9554d8d61a2d839c19a4ef49cd9f302	6.18.54 SMP mod_unload BMIPS 32BIT	nf_tables	11	0	NOT-TESTED
nft_masq.ko	41016	81b6ab191b4a2df39b962cff761732cb1fe7c24e4075142a5dfb309a3d5b9b2d	6.18.54 SMP mod_unload BMIPS 32BIT	nf_tables,nf_nat,nf_conntrack	16	0	NOT-TESTED
nft_nat.ko	47264	083ac7ac6a9363adf8d25e89f7cac159d95f82f4853bdec7aa76ee2570c92e2e	6.18.54 SMP mod_unload BMIPS 32BIT	nf_tables,nf_conntrack,nf_nat	12	0	NOT-TESTED
nft_numgen.ko	57256	e1af955ab6eb9a5fd589d6e921aaa48767abd579bd6981a6f62886344cfe0e3c	6.18.54 SMP mod_unload BMIPS 32BIT	nf_tables	9	0	NOT-TESTED
nft_quota.ko	63336	01003940ad3d1ea8032cebc1a626da10d6a092251181107326eda5f75b6ab124	6.18.54 SMP mod_unload BMIPS 32BIT	nf_tables	15	0	NOT-TESTED
nft_redir.ko	41424	806ef3cf82f3888454a0959ee923d58a5e98608f0b2910261bcfd6437c6e9bbe	6.18.54 SMP mod_unload BMIPS 32BIT	nf_tables,nf_conntrack,nf_nat	14	0	NOT-TESTED
nft_reject.ko	49904	ebfb28e8c525bd298bfa57b94ae4f4e4f13d10f389a35d34b77c6203fe5bea4e	6.18.54 SMP mod_unload BMIPS 32BIT	nf_tables	3	0	NOT-TESTED
nft_reject_inet.ko	48568	c8158818d3e715cc743f99dabf1fceaf4416ac9e668308e802140fb5bcb495db	6.18.54 SMP mod_unload BMIPS 32BIT	nf_tables,nf_reject_ipv6,nf_reject_ipv4,nft_reject	12	0	NOT-TESTED
cfg80211.ko	2427904	253782b8a0f497c82b1cedddbce8952459c5e60c81ea9e88ee9c78364d555591	6.18.54 SMP mod_unload BMIPS 32BIT		165	0	NOT-TESTED
