artifact	bytes	sha256	vermagic	depends	imports	missing_imports	runtime
vmlinux	66912184	6ed2eae9e0e14f18d917d6ce83c4aabea146d0d00394f9901e4fb78edd03538c			0	0	NOT-TESTED
cmac.ko	46496	9d1b162677e505151d9543294de0fcb9dec986c5dbde842e99b97209e6c71a3b	6.18.54 SMP mod_unload BMIPS 32BIT		17	0	NOT-TESTED
sha256.ko	56896	43fc58228b2db8d592a59c74813d9d9b3e146b0f310e23f2b35b360d3887bb8b	6.18.54 SMP mod_unload BMIPS 32BIT		18	0	NOT-TESTED
bcma.ko	290112	0c7f66c0a48c1c86faf5906bb038d55a7a378dd5073957e1fe7a81bec428773e	6.18.54 SMP mod_unload BMIPS 32BIT		71	0	NOT-TESTED
hid-generic.ko	36936	c0b53b958f3129b27745f0abdcade9557c3f179dfaaed84136fd85531c3e131e	6.18.54 SMP mod_unload BMIPS 32BIT	hid	7	0	NOT-TESTED
hid.ko	503628	04f801f5c731e481183d5a4ecf3cd32ba1a93849aa1b435057996f4784ec4897	6.18.54 SMP mod_unload BMIPS 32BIT	input-core	99	0	NOT-TESTED
usbhid.ko	137756	2e9e920ae43b45132bb8d4ab30fd59a7c0abc7291b57fe46f987a1ec5145c012	6.18.54 SMP mod_unload BMIPS 32BIT	hid,usbcore	84	0	NOT-TESTED
evdev.ko	106272	4c0a0ea9dd49ef37d7bd2e3708940150cf58f90fba1912d344603e5f2d10f8ec	6.18.54 SMP mod_unload BMIPS 32BIT	input-core	70	0	NOT-TESTED
input-core.ko	306504	a415d51d2bf815cfa8bbb5c5acc93ce0e2aff0a9fa9202e80bbfbb4bf15993d7	6.18.54 SMP mod_unload BMIPS 32BIT		85	0	NOT-TESTED
input-leds.ko	36704	43bebe97de6ad6e24cfba218e7b78909a50c269093ec756cd50e658709369976	6.18.54 SMP mod_unload BMIPS 32BIT	input-core	13	0	NOT-TESTED
atkbd.ko	103764	83d572c4e6861c1cbc831b8017892a4122839a703a0561060d96a5774a08a100	6.18.54 SMP mod_unload BMIPS 32BIT	serio,vivaldi-fmap,input-core,libps2	43	0	NOT-TESTED
gpio_keys.ko	75072	f3de01de257eb572337aa7c40b3fd2b6d130999ba8dd8f088cbb747a4eb6ac28	6.18.54 SMP mod_unload BMIPS 32BIT	input-core	59	0	NOT-TESTED
psmouse.ko	419724	b47e82c59fc990909dedfb9d3a24bd9ac78c2b395d2dbb4a46e15c63e5f4f58c	6.18.54 SMP mod_unload BMIPS 32BIT	input-core,libps2,serio	77	0	NOT-TESTED
libps2.ko	53196	02fb67d5a27e84174783612610921458bb7f066658a28db58385d1e7b83e0581	6.18.54 SMP mod_unload BMIPS 32BIT		16	0	NOT-TESTED
serio.ko	90988	95d13ef155912d0bd887c172cab5f5670f6d3c0dd7000ed302b1abd07f0d246f	6.18.54 SMP mod_unload BMIPS 32BIT		38	0	NOT-TESTED
serport.ko	45284	0259f3306bb49ed3f510501b2380ca740376abaa057cdc8815532e8b12282455	6.18.54 SMP mod_unload BMIPS 32BIT	serio	20	0	NOT-TESTED
vivaldi-fmap.ko	25512	1b66a46d00a348d45888901c369145f0941004c47840729f7c1a4686c9bbf99e	6.18.54 SMP mod_unload BMIPS 32BIT		1	0	NOT-TESTED
leds-bcm6328.ko	46052	e516b24e9c59c412e6877a42ab4721c6979229fe9ab39fc398c4789d24d2de9a	6.18.54 SMP mod_unload BMIPS 32BIT		15	0	NOT-TESTED
leds-gpio.ko	42328	94e3d4d48a3ed23e00dd93224d70f9eba8f3bf20fa9736163e415124bb7bbed1	6.18.54 SMP mod_unload BMIPS 32BIT		28	0	NOT-TESTED
b53_spi.ko	51104	a1dd14ea614743ab8f14d3389fd79509582c49699461e7f2453542b5668d11ff	6.18.54 SMP mod_unload BMIPS 32BIT		15	0	NOT-TESTED
bcm6368-enetsw.ko	113312	ab26464dd57c489d7c60934012a455d8ae6388c8d6edd72634ad8508fbff50bc	6.18.54 SMP mod_unload BMIPS 32BIT		85	0	NOT-TESTED
ppp_async.ko	79724	60d436b052238f37ba9e126339874de0cf01a895a27a5325a0d56cd5609d65f8	6.18.54 SMP mod_unload BMIPS 32BIT	crc-ccitt,ppp_generic	42	0	NOT-TESTED
ppp_generic.ko	248800	8ada20ccf751743a7861f1b8aa150b88d0865fc70aedc46f298a723ddd50378d	6.18.54 SMP mod_unload BMIPS 32BIT	slhc	114	0	NOT-TESTED
pppoe.ko	131264	d94c0a3be3c592f960324e7bf700ba0aba1f9a4ef04ca964ae08816cbcc56549	6.18.54 SMP mod_unload BMIPS 32BIT	pppox,ppp_generic	69	0	NOT-TESTED
pppox.ko	35460	175364fe546e48c08cb1cd297c85752188dd32c4d72ab4397ec097cd769ca81c	6.18.54 SMP mod_unload BMIPS 32BIT	ppp_generic	12	0	NOT-TESTED
slhc.ko	58520	93ca1b22a770eca4acb17841147a4a5b5b10a4263ed880792dee063f660674d3	6.18.54 SMP mod_unload BMIPS 32BIT		10	0	NOT-TESTED
b43.ko	1431304	a643a977cbc80f9d436b75cea9aa6aeba2ce8654470bdf3bf241a678fa40869d	6.18.54 SMP mod_unload BMIPS 32BIT	cfg80211,mac80211,ssb,bcma,cordic	137	0	NOT-TESTED
brcmfmac-bca.ko	44008	c0c7d979727fad0d61a89308a0f77757d85f4cb4088577c189876bc81e808827	6.18.54 SMP mod_unload BMIPS 32BIT	brcmfmac	4	0	NOT-TESTED
brcmfmac.ko	1369956	bdfd09a266ec88fe6f7db05a910f19d343c592b9e404470fffdf8f0f499fb6be	6.18.54 SMP mod_unload BMIPS 32BIT	cfg80211,brcmutil	199	0	NOT-TESTED
brcmfmac-cyw.ko	77468	871538808341a0fa9aecab752572e693246a0614faf0de1f2b7abe2097a380b9	6.18.54 SMP mod_unload BMIPS 32BIT	cfg80211,brcmfmac	27	0	NOT-TESTED
brcmfmac-wcc.ko	43272	4efd78d50475d714fad3c98cacbf79c2838f8e8b0a8366abf3191d3409989599	6.18.54 SMP mod_unload BMIPS 32BIT	brcmfmac	5	0	NOT-TESTED
brcmutil.ko	66024	da5397d1ac246bad664ed8141fcb1a94229eb2983415e1f31c44def9a792336a	6.18.54 SMP mod_unload BMIPS 32BIT		11	0	NOT-TESTED
ssb.ko	325076	b66fd1993073d6522b357bd74f199fbba39074eb433ef57c606a9e234e0f436f	6.18.54 SMP mod_unload BMIPS 32BIT		65	0	NOT-TESTED
usb-common.ko	51224	51df8a8ac17b2da939e8752a1d31f059769cb063a1fd937540d384b9619ce75b	6.18.54 SMP mod_unload BMIPS 32BIT		14	0	NOT-TESTED
usbcore.ko	1246820	73c6c032a2806ba81b8b74c1da717c4d0ebd12a0d2e945db64e8ee424c4d70ff	6.18.54 SMP mod_unload BMIPS 32BIT	usb-common,nls_base	267	0	NOT-TESTED
ehci-hcd.ko	325896	2434375db16088354ba2906e649e9be6dff09554b4f49708ec2e22aa5e4124da	6.18.54 SMP mod_unload BMIPS 32BIT	usbcore	64	0	NOT-TESTED
ehci-platform.ko	52732	d45677f7002b3388e06c06a198745bc972a8bbd56d23a9be56aca6e0e33e13c1	6.18.54 SMP mod_unload BMIPS 32BIT	usbcore,ehci-hcd,usb-common	41	0	NOT-TESTED
ohci-hcd.ko	242760	ce7b5fe857d45a638a9dea0ac1def68c6dc0b8b142d6354d89c8aedac5d6c120	6.18.54 SMP mod_unload BMIPS 32BIT	usbcore,usb-common	57	0	NOT-TESTED
ohci-platform.ko	42668	320051778cf842537f6facb035c6ecac1fe183166e541f58f9d18acd791f2a7a	6.18.54 SMP mod_unload BMIPS 32BIT	usbcore,ohci-hcd,usb-common	30	0	NOT-TESTED
nls_base.ko	41820	f19437a537ada018d01fe2085a52877caa3e664d5ef6d4947c6dc2b24b5f6e17	6.18.54 SMP mod_unload BMIPS 32BIT		5	0	NOT-TESTED
crc-ccitt.ko	25532	28d94d1fc8c5a12bb211c3c8543eac2f2ef66e01328afca8762401daabf5ba90	6.18.54 SMP mod_unload BMIPS 32BIT		0	0	NOT-TESTED
cordic.ko	25136	cf420839605a0f97edc543c593f44639872c7de207e19c04d7bda98483b21a0a	6.18.54 SMP mod_unload BMIPS 32BIT		0	0	NOT-TESTED
atm.ko	448792	c4d792cd7a08097f827916f18382efb9bc59f7c109c38d06b73d874a1400f4c2	6.18.54 SMP mod_unload BMIPS 32BIT		96	0	NOT-TESTED
br2684.ko	90636	0a6bc61e1338e0515bbbf9556a48b99cfad41e712aa2436d3689144c16020ab1	6.18.54 SMP mod_unload BMIPS 32BIT	atm	51	0	NOT-TESTED
nf_defrag_ipv4.ko	39128	76757fe13683519ae72cd5df4d1792b0ed2a436d257a627ebe42bc29674fc24e	6.18.54 SMP mod_unload BMIPS 32BIT		9	0	NOT-TESTED
nf_reject_ipv4.ko	65696	19ba646f9563cbe9aa75c76dcf7d8419c93e46a0561ecb5fe599699b7837b867	6.18.54 SMP mod_unload BMIPS 32BIT		19	0	NOT-TESTED
nft_fib_ipv4.ko	59744	7fb991146fc7960321625725adb54377b47fa40857dba69986398443113daeef	6.18.54 SMP mod_unload BMIPS 32BIT	nf_tables,nft_fib	15	0	NOT-TESTED
nft_reject_ipv4.ko	46896	c3f2644f5d7a8d3390c944896798f9a2d3882b885af53180a1bc198991828d4d	6.18.54 SMP mod_unload BMIPS 32BIT	nf_tables,nf_reject_ipv4,nft_reject	8	0	NOT-TESTED
nf_defrag_ipv6.ko	110228	62e4fc4cc77efee8037796abbcb336123b9eca982ce261db4b3c1bfa1c37de42	6.18.54 SMP mod_unload BMIPS 32BIT		50	0	NOT-TESTED
nf_reject_ipv6.ko	65412	4522105ec4fc00810fca0be08f595477c1dfedeb1e98b458fb9199a9e08ee2d2	6.18.54 SMP mod_unload BMIPS 32BIT		22	0	NOT-TESTED
nft_fib_ipv6.ko	49084	8e03048aa0e27d5dc6f7411a770f6ac598035c98a83204ce626bed3b6d18e8ec	6.18.54 SMP mod_unload BMIPS 32BIT	nf_tables,nft_fib	18	0	NOT-TESTED
nft_reject_ipv6.ko	46468	5d7ac4ef17e9621f14341d14d20121bb3cace83bb5aaf66391ee8f0c0975f99c	6.18.54 SMP mod_unload BMIPS 32BIT	nf_tables,nf_reject_ipv6,nft_reject	8	0	NOT-TESTED
mac80211.ko	4343800	e345a28973b59bd9701b6130ebac3b258e960773c127f8f07b0df301abe5a1f4	6.18.54 SMP mod_unload BMIPS 32BIT	cfg80211	310	0	NOT-TESTED
nf_conntrack.ko	734844	cdc46133538e761936fd4eeb54097dc2deee37e9839030d8d9566b3d7de87740	6.18.54 SMP mod_unload BMIPS 32BIT	nf_defrag_ipv4,nf_defrag_ipv6	129	0	NOT-TESTED
nf_flow_table.ko	343596	b6b98b81bba06d83f4d9309702561ad17a3acd21ad8a5172e9936f9d66755668	6.18.54 SMP mod_unload BMIPS 32BIT	nf_tables,nf_conntrack	85	0	NOT-TESTED
nf_flow_table_inet.ko	36984	59bbcaaf2e0110e10c21c8232bddbc30e5b4965e12a1132ba11c54149a693255	6.18.54 SMP mod_unload BMIPS 32BIT	nf_tables,nf_flow_table	10	0	NOT-TESTED
nf_log_syslog.ko	76448	1be48eccdb68f04490ebb1683837d20830b0b48b6ed186e0c268a858907025f5	6.18.54 SMP mod_unload BMIPS 32BIT		20	0	NOT-TESTED
nf_nat.ko	248860	2b3c5b37a2d8eac97264fbe35ef2a7ea2abbad659ea5a1acd81e22ae0e53cc9c	6.18.54 SMP mod_unload BMIPS 32BIT	nf_conntrack	79	0	NOT-TESTED
nf_tables.ko	2063528	a344991580ed680b9854b356a076f8097e56a3e9d2285916b16a73bd3a3b5b7a	6.18.54 SMP mod_unload BMIPS 32BIT	nfnetlink	162	0	NOT-TESTED
nfnetlink.ko	79200	28de768035646a82e653431aec791930ca76a4bf3ea8aaf0847d85bbb4b3a22a	6.18.54 SMP mod_unload BMIPS 32BIT		33	0	NOT-TESTED
nft_chain_nat.ko	38596	8f73ceaf20d007723690084d7d7b6def434bc110da54e1337acc019eff1c8c43	6.18.54 SMP mod_unload BMIPS 32BIT	nf_tables,nf_nat	10	0	NOT-TESTED
nft_ct.ko	110244	17ab0e7340b47128ebaec5acb0e6d619c39b03cf321b4e8ae4d48ff7e6094d84	6.18.54 SMP mod_unload BMIPS 32BIT	nf_tables,nf_conntrack	48	0	NOT-TESTED
nft_fib.ko	54364	f0ed7f3fd5eece3454db7755e33228925a95c2ec9a9c6a6143fd8ffb9552f5d1	6.18.54 SMP mod_unload BMIPS 32BIT	nf_tables	9	0	NOT-TESTED
nft_fib_inet.ko	45992	a1eb9dcc870f10a9c8469f03801ceff2ad4fbccb87cc581ff090eed9d402b2f3	6.18.54 SMP mod_unload BMIPS 32BIT	nf_tables,nft_fib_ipv6,nft_fib_ipv4,nft_fib	10	0	NOT-TESTED
nft_flow_offload.ko	46812	55397efdb6127369a97b088bf60dd02ed05a314832b08da9682b5c81e549330d	6.18.54 SMP mod_unload BMIPS 32BIT	nf_tables,nf_conntrack,nf_flow_table	20	0	NOT-TESTED
nft_hash.ko	56668	12cfe45305537d7ef96c8a3d6240ec0deb2e9f6738d866dd5fe40128308ee9a5	6.18.54 SMP mod_unload BMIPS 32BIT	nf_tables	9	0	NOT-TESTED
nft_limit.ko	70488	4cf9e1f5815bee76689cbaef796ac72a1e7cbf24c8000e249380d5fc0db84099	6.18.54 SMP mod_unload BMIPS 32BIT	nf_tables	14	0	NOT-TESTED
nft_log.ko	58184	5aef17200c3e3dc8575025f2712f286659e39ec86551cd1f52631802b5eae71c	6.18.54 SMP mod_unload BMIPS 32BIT	nf_tables	11	0	NOT-TESTED
nft_masq.ko	40940	1d9e0025746f4e6969b0a8cc9689de78e1a86ce9a49b9ff082d6d1d8298c49ec	6.18.54 SMP mod_unload BMIPS 32BIT	nf_tables,nf_nat,nf_conntrack	16	0	NOT-TESTED
nft_nat.ko	47184	e727c2df3b19db84288a18ed115d27ce4606e53400c3e16f90c399ae32223ee8	6.18.54 SMP mod_unload BMIPS 32BIT	nf_tables,nf_conntrack,nf_nat	12	0	NOT-TESTED
nft_numgen.ko	57176	a085c3d71f6ce0f81d579ce16af04cb55771ea33bb4e91ac5fabb41e91b362f0	6.18.54 SMP mod_unload BMIPS 32BIT	nf_tables	9	0	NOT-TESTED
nft_quota.ko	63260	3c1189cb21bd5d57c6c1916e3548170516bc4ea794e3f90b70e22212460ceae2	6.18.54 SMP mod_unload BMIPS 32BIT	nf_tables	15	0	NOT-TESTED
nft_redir.ko	41344	0b2a54d82a0867ad5aed84b4b41398cc2bb999dd94ad00c2f7496a625de6cb04	6.18.54 SMP mod_unload BMIPS 32BIT	nf_tables,nf_conntrack,nf_nat	14	0	NOT-TESTED
nft_reject.ko	49828	bd24829ff00aa861ba1cbb8fb693fa1e490dee1e203d83f58d9b059b8fdd08d1	6.18.54 SMP mod_unload BMIPS 32BIT	nf_tables	3	0	NOT-TESTED
nft_reject_inet.ko	48488	e394333d277de13ce3f2f9098721cdf587ea3d6a21b4bcf89d9a1e0f7edbd8b3	6.18.54 SMP mod_unload BMIPS 32BIT	nf_tables,nf_reject_ipv6,nf_reject_ipv4,nft_reject	12	0	NOT-TESTED
cfg80211.ko	2427332	3f4b3b426b792e8baf03fa361ce068264a92db08b977ca36d0ddd1436a112363	6.18.54 SMP mod_unload BMIPS 32BIT		165	0	NOT-TESTED
sbg3300_xtm_dma.ko	130720	be2beeddc3c1dcad5af9587dc0fca495b25e04767884050fbc22e9598de6470a	6.18.54 SMP mod_unload BMIPS 32BIT		65	0	NOT-TESTED
bcm6368-enetsw-strict-reproducible.ko	113168	89c26b4d872fb86a9f8839bbbe9f077ce64e5f7f99017d9258ccf1bd54e8f1b2	6.18.54 SMP mod_unload BMIPS 32BIT		85	0	NOT-TESTED
