symbol	definition	caller_bcmxtmrt_c	signature	structures_flags	dependency_graph	original_behavior	linux_6_18_equivalent	remaining_unknowns
BcmHalMapInterrupt	kernel/linux/arch/mips/bcm963xx/irq.c:493	DoGlobInitReq:2816 via BcmHalMapInterrupt	unsigned int BcmHalMapInterrupt(FN_HANDLER pfunc, unsigned int param, unsigned int irq)	FN_HANDLER/context/legacy IRQ ID; INTR_REARM_NO	BcmHalMapInterruptEx -> request_irq + legacy irq_chip affinity/masking	Registers handler with manual rearm semantics	platform_get_irq + request_irq; no direct vendor-ID arithmetic	IRQ/NAPI lifecycle and DT resource binding not integrated
bcmPktDma_XtmAllocRxBds	bcmdrivers/opensource/net/lib/pktdma/impl1/bcmPktDmaXtmIudma.c:485	DoGlobInitReq:2752 via bcmPktDma_XtmAllocRxBds	DmaDesc *bcmPktDma_XtmAllocRxBds(int channel, int numBds)	DmaDesc (8 bytes), channel, count; optional FAP/PSM	kmalloc + cache_flush_len OR bcmPktDma_psmAlloc	DDR allocation includes alignment slack; caller creates uncached alias	dma_alloc_coherent with DMA handle; no KSEG aliases	Host-only DDR path supported; FAP sharing excluded
bcmPktDma_XtmAllocTxBds	bcmdrivers/opensource/net/lib/pktdma/impl1/bcmPktDmaXtmIudma.c:417	DoSetTxQueue:4018 via bcmPktDma_XtmAllocTxBds	DmaDesc *bcmPktDma_XtmAllocTxBds(int channel, int numBds)	DmaDesc + BcmPktDma_txRecycle_t, channel/count; optional FAP/PSM	kmalloc/cache_flush_len OR PSM allocation	Allocates descriptors plus vendor recycling metadata	Separate coherent descriptors and CPU-only slot metadata	Vendor recycler/NBuff adapter absent; new core owns linear buffers
bcmPktDma_XtmGetRxBds	bcmdrivers/opensource/net/lib/pktdma/impl1/bcmPktDmaBds.c:628	DoGlobInitReq:2745 via bcmPktDma_XtmGetRxBds	int bcmPktDma_XtmGetRxBds( int channel )	BcmPktDma_Bds host/fap arrays; CONFIG_BCM_XTMCFG	bcmPktDmaBds_init -> sizing functions + SDRAM/BPM/FAP policy	Returns policy-selected per-channel RX ring size	Validated explicit ring size; no global vendor sizing policy	Safe tuned ring size and FAP ownership policy not established
bcmPktDma_XtmGetTxBds	bcmdrivers/opensource/net/lib/pktdma/impl1/bcmPktDmaBds.c:649	DoGlobInitReq:2686 via bcmPktDma_XtmGetTxBds	int bcmPktDma_XtmGetTxBds( int channel )	BcmPktDma_Bds host/fap arrays; CONFIG_BCM_XTMCFG	Global sizing and ownership arrays	Returns policy-selected per-channel TX ring size	Validated explicit ring size	QoS queue count and tuning not established
bcmPktDma_XtmInitRxChan_Iudma	bcmdrivers/opensource/net/lib/pktdma/impl1/bcmPktDmaXtmIudma.c:88	DoGlobInitReq:2821 via bcmPktDma_XtmInitRxChan	int bcmPktDma_XtmInitRxChan_Iudma(uint32 bufDescrs, BcmPktDma_LocalXtmRxDma *pXtmRxDma)	BcmPktDma_LocalXtmRxDma count/head/tail/assigned/enabled	Driver performs separate SAR register programming	Initializes software indices and flags; not hardware init	xtm_queue_init plus separate verified IUDMA register setup	Global SAR reset/clock/FAP ownership not integrated
bcmPktDma_XtmInitTxChan_Iudma	bcmdrivers/opensource/net/lib/pktdma/impl1/bcmPktDmaXtmIudma.c:101	DoSetTxQueue:4104 via bcmPktDma_XtmInitTxChan	int bcmPktDma_XtmInitTxChan_Iudma(uint32 bufDescrs, BcmPktDma_LocalXtmTxDma *pXtmTxDma, uint32 dmaType)	BcmPktDma_LocalXtmTxDma; XTM_HW_DMA/XTM_SW_DMA	Caller establishes free descriptors and state RAM	Resets head/tail/enabled and optional SW scheduler head	xtm_queue_init with per-ring counters	Software scheduler and bonded queues excluded
bcmPktDma_XtmRecv_Iudma	bcmdrivers/opensource/net/lib/pktdma/impl1/bcmPktDmaXtmIudma.c:154	bcmxtmrt_rxtask:1899 via bcmPktDma_XtmRecv	uint32 bcmPktDma_XtmRecv_Iudma(BcmPktDma_LocalXtmRxDma * rxdma, unsigned char **pBuf, int * pLen)	RX ring/head/assigned; DMA_OWN/length; 6318-only workaround	DmaDesc -> phys_to_virt + caller cache/recycler behavior	Reads completed descriptor and advances head; 0xffff for no assigned buffer	dma_rmb + stored CPU buffer metadata + dma_unmap_single	Transport encapsulation, match-ID dispatch, cell/bonding handling remain
bcmPktDma_XtmXmitAvailable_Iudma	bcmdrivers/opensource/net/lib/pktdma/impl1/bcmPktDmaXtmIudma.c:271	bcmxtmrt_xmit:1214 via bcmPktDma_XtmXmitAvailable	int bcmPktDma_XtmXmitAvailable_Iudma(BcmPktDma_LocalXtmTxDma *txdma, uint32 dmaType)	TX free descriptor counter; dmaType arg not used in body	Queue/reclaim accounting	Tests whether a TX descriptor is free	Checked pending<count; returns ENOSPC from enqueue	Legacy global/QoS buffer accounting not integrated
bcmPktDma_XtmRxEnable_Iudma	bcmdrivers/opensource/net/lib/pktdma/impl1/bcmPktDmaXtmIudma.c:356	bcmxtmrt_open:414; bcmxtmrt_open:429; bcmxtmrt_request:2632 via bcmPktDma_XtmRxEnable	int bcmPktDma_XtmRxEnable_Iudma( BcmPktDma_LocalXtmRxDma * rxdma )	rxDma->cfg DMA_ENABLE; rxEnabled	Exclusive channel and populated RX ring	Enables channel and records software state	Serialized start with DMA barrier and BE MMIO enable	No platform binding or IRQ registration; controller init missing
bcmPktDma_XtmRxDisable_Iudma	bcmdrivers/opensource/net/lib/pktdma/impl1/bcmPktDmaXtmIudma.c:373	DoLinkDownRx:3615 via bcmPktDma_XtmRxDisable	int bcmPktDma_XtmRxDisable_Iudma( BcmPktDma_LocalXtmRxDma * rxdma )	rxEnabled/cfg DMA_ENABLE	Repeated clear + bounded delay/readback	Disables RX and checks acknowledgement; returns failure on timeout	Bounded read_poll_timeout; refuse teardown if active	Quiescence contract still needs hardware validation
bcmPktDma_XtmTxEnable_Iudma	bcmdrivers/opensource/net/lib/pktdma/impl1/bcmPktDmaXtmIudma.c:283	FlushdownTxQueue:3861; FlushdownTxQueue:3884; DoSetTxQueue:4119; DoSetTxQueue:4122 via bcmPktDma_XtmTxEnable	int bcmPktDma_XtmTxEnable_Iudma( BcmPktDma_XtmTxDma * txdma, PDEV_PARAMS unused, uint32 dmaType )	TX enabled; XTM_HW_DMA/XTM_SW_DMA; PDEV_PARAMS unused	HW path kicks per-packet; SW path enables SW DMA	Changes software enqueue gate; SW mode additionally sets cfg enable	Explicit host-HW ring start and per-enqueue kick	FAP/SW-DMA scheduler excluded
bcmPktDma_XtmTxDisable_Iudma	bcmdrivers/opensource/net/lib/pktdma/impl1/bcmPktDmaXtmIudma.c:303	ShutdownTxQueue:3731; FlushdownTxQueue:3834 via bcmPktDma_XtmTxDisable	int bcmPktDma_XtmTxDisable_Iudma( BcmPktDma_LocalXtmTxDma * txdma, uint32 dmaType, void (*func) (uint32 param1, BcmPktDma_XtmTxDma *txswdma), uint32 param1)	TX enabled; DMA_PKT_HALT; dmaType; callback/param	HW halt polling; SW scheduler callback	Stops new submissions and drains/stops channel; returns failure if still active	Submission gate + bounded packet-halt polling; preserve mappings on timeout	Bonding/SW scheduler callback and global queue drain absent
bcmPktDma_XtmSelectRxIrq_Iudma	bcmdrivers/opensource/net/lib/pktdma/impl1/bcmPktDmaXtmIudma.c:125	DoGlobInitReq:2780 via bcmPktDma_XtmSelectRxIrq	int bcmPktDma_XtmSelectRxIrq_Iudma(int channel)	SAR_RX_INT_ID_BASE; channel (RX0/1 in this driver)	63268_intr.h legacy ISR numbering	Returns legacy base+channel for RX IRQ	DT IRQ domain: exact RX0/1 hwirqs26/27; platform_get_irq	No Linux virtual IRQ without a device resource; higher DMA IRQs noncontiguous
bcmPktDma_XtmGetStats_Iudma	bcmdrivers/opensource/net/lib/pktdma/impl1/bcmPktDmaXtmIudma.c:581	bcmxtmrt_query:557 via bcmPktDma_XtmGetStats	void bcmPktDma_XtmGetStats_Iudma(uint8 vport, uint32 *rxDrop_p, uint32 *txDrop_p)	vport plus rxDrop/txDrop output pointers	No hardware counter access in this family implementation	Original body sets both outputs to zero (not useful drop statistics)	New ring records real allocation/mapping/completion/full/timeout counters	Port-level SAR hardware counters and netdev aggregation not implemented
bcmPktDma_XtmResetStats_Iudma	bcmdrivers/opensource/net/lib/pktdma/impl1/bcmPktDmaXtmIudma.c:587	bcmxtmrt_clrStats:600 via bcmPktDma_XtmResetStats	void bcmPktDma_XtmResetStats_Iudma(uint8 vport)	vport	No underlying counter access in this source	Original body returns without action	New API exposes real monotonically increasing ring statistics	Reset/port aggregation contract deferred; no fake reset function added
enable_brcm_irq	kernel/linux/arch/mips/bcm963xx/irq.c:224	bcmxtmrt_open:430; bcmxtmrt_rxisr:1706; bcmxtmrt_poll_napi:1786; bcmxtmrt_poll:1839; bcmxtmrt_request:2633 via BcmHalInterruptEnable	void enable_brcm_irq(unsigned int irq)	irq_desc, affinity, legacy CPU masks	brcm_irqlock -> per-CPU IRQ mask registers	Direct hardware unmask/manual ISR rearm	Standard IRQ/NAPI masking lifecycle after irqdomain mapping	enable_irq is not blindly interchangeable with manual rearm
disable_brcm_irq	kernel/linux/arch/mips/bcm963xx/irq.c:303	DoGlobInitReq:2815; DoGlobUninitReq:3025; DoLinkDownRx:3617 via BcmHalInterruptDisable	void disable_brcm_irq(unsigned int irq)	legacy IRQ ID/irq_chip; CPU masks	brcm_irqlock -> __disable_ack_brcm_irq	Masks/acks controller interrupt	disable_irq_nosync/synchronize_irq as lifecycle requires	Nested Linux disable count and controller acknowledgement must be integrated
kerSysGetMacAddress	bcmdrivers/opensource/char/board/bcm963xx/impl1/board.c:1765	DoCreateDeviceReq:3135; DoCreateDeviceReq:3140; DoCreateDeviceReq:3161 via kerSysGetMacAddress	int kerSysGetMacAddress( unsigned char *pucaMacAddr, unsigned long ulId )	MAC pool base/count, allocation IDs, mutex; NVRAM lineage	g_pMacInfo -> persistent pool reservation/reuse	Allocates/reuses a MAC pool slot for caller ID	Supported firmware/DT/NVMEM address retrieval only with proven board mapping	No verified stock pool slot mapping or legal DT cell; no random/guessed replacement
